_cq_source_name,_cq_sync_time,_cq_id,_cq_parent_id,username
bitbucket,2023-06-22 18:36:06.678654,32345184-b63c-4f2a-94f5-233723cef632,,
bitbucket,2023-06-22 18:36:06.678654,c30fab51-d9d3-4e6b-8bbc-e4b5378fee04,,
bitbucket,2023-06-22 18:36:06.678654,0513ee35-6400-4644-9125-3be79f2fadf8,,
bitbucket,2023-06-22 18:36:06.678654,2fd0dc60-814c-4b26-8339-566859b9a4bd,,
bitbucket,2023-06-22 18:36:06.678654,46963a82-da33-41d9-9716-d46e8bab8fb4,,
bitbucket,2023-06-22 18:36:06.678654,a7d58ca3-28a2-4874-a694-73b864d1dd3a,,
bitbucket,2023-06-22 18:36:06.678654,47652e17-aa6e-4af2-89b3-c14787e084a0,,
bitbucket,2023-06-22 18:36:06.678654,a2987168-8cdb-4a73-ac17-5030ca58e196,,
bitbucket,2023-06-22 18:36:06.678654,31caeaec-128d-4d35-a6f9-b98ca1943602,,
bitbucket,2023-06-22 18:36:06.678654,66870b12-178b-4e02-9280-645e4aeae1f8,,
bitbucket,2023-06-22 18:36:06.678654,97e49a89-8334-4d5f-8f69-41d3bb4852a3,,
bitbucket,2023-06-22 18:36:06.678654,327f03f8-a552-4a3b-ade1-5cb004b5667b,,
bitbucket,2023-06-22 18:36:06.678654,7928f9f0-350c-4d07-b310-bb6d27d53296,,
bitbucket,2023-06-22 18:36:06.678654,a7113f2a-dd0b-4875-852e-d92bc92cc1e4,,
bitbucket,2023-06-22 18:36:06.678654,4fd1442a-0f84-4e5a-b4de-5870253be0d8,,
bitbucket,2023-06-22 18:36:06.678654,55c3f1d5-94cc-40c7-8986-013cc25d2ec1,,
bitbucket,2023-06-22 18:36:06.678654,e116f720-b015-46cd-8ddc-5dd0d78a8f76,,
bitbucket,2023-06-22 18:36:06.678654,c2fd0d57-d4de-4783-b637-149ace4f4f9b,,
bitbucket,2023-06-22 18:36:06.678654,409dcb1d-bc58-4512-8ade-d7baa2679bd0,,
bitbucket,2023-06-22 18:36:06.678654,ad6203fb-5ccc-4407-83af-817885f97204,,
bitbucket,2023-06-22 18:36:06.678654,ce462680-4a74-450a-9a5c-fcbba6c81d62,,
bitbucket,2023-06-22 18:36:06.678654,22dbd791-a708-493d-8594-143b33827efc,,
bitbucket,2023-06-22 18:36:06.678654,d2596e9f-af97-4ba6-bab5-4fd7ebb7eabd,,
bitbucket,2023-06-22 18:36:06.678654,b3227fee-ea10-40f7-b311-6914c748f323,,
bitbucket,2023-06-22 18:36:06.678654,a8dc275b-bd2b-4950-825f-eb286bb9c36a,,
bitbucket,2023-06-22 18:36:06.678654,4a5a7267-2aec-4631-b260-102d9c762ea5,,
bitbucket,2023-06-22 18:36:06.678654,fc142e27-453e-481e-ac60-215482f83eea,,
bitbucket,2023-06-22 18:36:06.678654,9fe1f52a-9e21-4a37-91a9-57442fb84c5f,,
bitbucket,2023-06-22 18:36:06.678654,afd8f447-c048-4770-bcaa-7d4e1844762c,,
bitbucket,2023-06-22 18:36:06.678654,1c5c9dd9-a5e3-43fa-9637-9f531bc47181,,
bitbucket,2023-06-22 18:36:06.678654,be0bdedb-4aa4-4647-9d8b-af174aefd54e,,
bitbucket,2023-06-22 18:36:06.678654,8c626dae-9caf-4207-bc75-13f67d006f69,,
bitbucket,2023-06-22 18:36:06.678654,e091080c-cf2e-4fae-8553-1f1e9249f7b9,,
bitbucket,2023-06-22 18:36:06.678654,40938c20-2597-4bf6-a4a5-47e77ed3ad19,,
bitbucket,2023-06-22 18:36:06.678654,a017d18b-7a39-4d2f-90fa-c1c96d82f955,,
bitbucket,2023-06-22 18:36:06.678654,996ab00a-56ec-4e7d-b9eb-8cbd1e704c27,,
bitbucket,2023-06-22 18:36:06.678654,e050bb39-dd36-42e9-bf51-506f44248d00,,
bitbucket,2023-06-22 18:36:06.678654,95091f37-c8ef-4298-b5b3-3e9c6b68ed6f,,
bitbucket,2023-06-22 18:36:06.678654,0e3b7ea2-f5c9-436c-a25d-84542e22e63e,,
bitbucket,2023-06-22 18:36:06.678654,2f0ece1b-dc57-4f2a-8240-d7dab092a0d6,,
bitbucket,2023-06-22 18:36:06.678654,e76871ea-5b24-4436-8446-bb5cf0cd4c90,,
bitbucket,2023-06-22 18:36:06.678654,7c56b450-8908-4e3f-a5b3-7edcc9f71e4e,,
bitbucket,2023-06-22 18:36:06.678654,3074a524-5e76-4435-a17f-b83e826db61e,,
bitbucket,2023-06-22 18:36:06.678654,f9e235fc-97bf-4c0f-a536-12a79f1c084a,,
bitbucket,2023-06-22 18:36:06.678654,c246969a-2f17-4805-8b16-50ca44505687,,
bitbucket,2023-06-22 18:36:06.678654,d2e1f9f1-4e4e-4eef-a61f-4d133f8cdbf9,,
bitbucket,2023-06-22 18:36:06.678654,e0e9a79d-48d7-4729-b75c-f0e43a696d64,,
bitbucket,2023-06-22 18:36:06.678654,917cf7b8-ac29-4381-a125-d31bd55a85b8,,
bitbucket,2023-06-22 18:36:06.678654,d545b5d6-df7d-4510-9f7d-622ff2b63a3e,,
bitbucket,2023-06-22 18:36:06.678654,eddc7b75-e494-444a-b46c-491dde540010,,
bitbucket,2023-06-22 18:36:06.678654,2e0b3a96-907e-45a8-a914-6fe711fa0988,,
bitbucket,2023-06-22 18:36:06.678654,c2c3053a-37ea-433d-8f0a-7c49b0ce2002,,
bitbucket,2023-06-22 18:36:06.678654,f34506cf-4db4-4c31-9fef-fb6f03f61c0d,,
bitbucket,2023-06-22 18:36:06.678654,b892b470-3ade-4c08-8522-f77c695a350e,,
bitbucket,2023-06-22 18:36:06.678654,25767502-9ebe-4c73-a88f-4a58fb751d8c,,
